idx,image_id,captured_at,year,lat,lon,compass_angle,is_pano,width,height,creator_username,sequence,source_url,license,path
0,484100479312809,2018-11-30T16:53:52.525000+00:00,2018,34.049795281225,-118.43636086706,72.127769470215,False,1920,1080,lvl5,d4imcmbg2m6cf7pxbtxdvb,https://www.mapillary.com/app/?pKey=484100479312809,CC BY-SA 4.0,images/484100479312809.jpg
1,478046963411619,2018-07-22T18:37:14.418000+00:00,2018,34.057787748133,-118.45350661268,326.80612182617,False,1920,1080,lvl5,n8bnebrdn0enifk0ofwuf2,https://www.mapillary.com/app/?pKey=478046963411619,CC BY-SA 4.0,images/478046963411619.jpg
2,182300727125432,2017-11-02T20:22:16.727000+00:00,2017,34.063681899524,-118.44325874043,89.03369140625,False,1920,1080,lvl5,jat5t5g7lennhlroe1cdlv,https://www.mapillary.com/app/?pKey=182300727125432,CC BY-SA 4.0,images/182300727125432.jpg
3,2968079503474255,2018-11-30T16:44:55.123000+00:00,2018,34.045037011614,-118.45315535533,62.511985778809,False,1920,1080,lvl5,tj4jyv4xdo70j4034lmf8u,https://www.mapillary.com/app/?pKey=2968079503474255,CC BY-SA 4.0,images/2968079503474255.jpg
4,1437451114858161,2026-06-06T16:02:27.406000+00:00,2026,34.0457990055,-118.450833534,70.920975885093,True,7680,3840,nthp_gis,IsGORq5Y8eQmaTlp3JdoCU,https://www.mapillary.com/app/?pKey=1437451114858161,CC BY-SA 4.0,images/1437451114858161.jpg
5,1092708477883940,2018-08-09T20:26:24.977000+00:00,2018,34.050046735616,-118.44911668383,163.12236022949,False,1920,1080,lvl5,jdujyd4j8cdueay04rqkxs,https://www.mapillary.com/app/?pKey=1092708477883940,CC BY-SA 4.0,images/1092708477883940.jpg
6,306361017617216,2016-09-02T15:45:11.865000+00:00,2016,34.057655,-118.447919,112.1884,False,4032,3024,cscrivens,zoTOlWXI2nIutOUYqdML6w,https://www.mapillary.com/app/?pKey=306361017617216,CC BY-SA 4.0,images/306361017617216.jpg
7,181190103888184,2018-12-05T22:36:39.408000+00:00,2018,34.056897835438,-118.45403583975,170.49165344238,False,1920,1080,lvl5,sd0ahqjrs6qp4vtzoag6ys,https://www.mapillary.com/app/?pKey=181190103888184,CC BY-SA 4.0,images/181190103888184.jpg
8,4255831397800564,2018-07-22T23:57:49.771000+00:00,2018,34.058411309458,-118.45404907704,328.7109375,False,1920,1080,lvl5,jx2e24fhr8ffnj4mm9l1nm,https://www.mapillary.com/app/?pKey=4255831397800564,CC BY-SA 4.0,images/4255831397800564.jpg
9,139589051479937,2016-10-21T23:46:54.481000+00:00,2016,34.060779209715,-118.43599712061,338.13929271698,False,4032,3024,jopparn,-QdDf6Hgn2w2ozlkaHPvXg,https://www.mapillary.com/app/?pKey=139589051479937,CC BY-SA 4.0,images/139589051479937.jpg
10,1938288072990917,2018-11-30T16:53:43.086000+00:00,2018,34.049505439755,-118.4372640973,65.567070007324,False,1920,1080,lvl5,riavrogvxztw2zy182sn9k,https://www.mapillary.com/app/?pKey=1938288072990917,CC BY-SA 4.0,images/1938288072990917.jpg
11,911819086217574,2017-07-18T00:00:21.801000+00:00,2017,34.058473479438,-118.45408245669,33.158557891846,False,3264,2448,aqua01,ZbvbFxeUI1eEljgoQPpodQ,https://www.mapillary.com/app/?pKey=911819086217574,CC BY-SA 4.0,images/911819086217574.jpg
12,472482064040534,2018-08-27T14:57:46.622000+00:00,2018,34.045219095326,-118.44545826276,145.25250244141,False,1920,1080,lvl5,2ngo4dot2o1c8lqkmu6ln6,https://www.mapillary.com/app/?pKey=472482064040534,CC BY-SA 4.0,images/472482064040534.jpg
13,1784407386301329,2026-05-29T20:21:43.201000+00:00,2026,34.05924,-118.4546783,352.0,False,4080,3060,newtonwong,AkzqnbvWiog2O9atjlehPQ,https://www.mapillary.com/app/?pKey=1784407386301329,CC BY-SA 4.0,images/1784407386301329.jpg
14,768272534048308,2016-11-04T22:18:13.998000+00:00,2016,34.04928646,-118.44867248,245.24203907794,False,1280,720,voschix,a5857t7hcyz5zoozcjx96u,https://www.mapillary.com/app/?pKey=768272534048308,CC BY-SA 4.0,images/768272534048308.jpg
15,1083472055508139,2016-08-30T21:26:15.941000+00:00,2016,34.054629,-118.454198,247.7899,False,4032,3024,cscrivens,66PBcAIBUbQnWvlOsJ_HqQ,https://www.mapillary.com/app/?pKey=1083472055508139,CC BY-SA 4.0,images/1083472055508139.jpg
16,1127710082737970,2026-02-24T12:11:00.072000+00:00,2026,34.052605013333,-118.4499349,180.0,False,3840,2160,aHS,j8OW5zouQ3ZriS1kYaqseJ,https://www.mapillary.com/app/?pKey=1127710082737970,CC BY-SA 4.0,images/1127710082737970.jpg
17,4598105766884646,2018-07-22T18:36:42.050000+00:00,2018,34.051846036613,-118.44921212664,344.14447021484,False,1920,1080,lvl5,n8bnebrdn0enifk0ofwuf2,https://www.mapillary.com/app/?pKey=4598105766884646,CC BY-SA 4.0,images/4598105766884646.jpg
18,468454604263100,2019-04-15T00:00:03.408000+00:00,2019,34.050115824733,-118.44869380544,339.2578125,False,1920,1080,lvl5,7yrkw9dh7u5m5heaxk9lk1,https://www.mapillary.com/app/?pKey=468454604263100,CC BY-SA 4.0,images/468454604263100.jpg
19,1398254224462546,2023-12-12T20:23:15.640000+00:00,2023,34.062601266675,-118.44493361665,19.497268240391,False,4032,3024,filipb,NlfdLXGVBcY3QjkFbwD8vp,https://www.mapillary.com/app/?pKey=1398254224462546,CC BY-SA 4.0,images/1398254224462546.jpg
20,459593555266328,2016-08-30T21:28:32.327000+00:00,2016,34.054501,-118.454966,147.477,False,4032,3024,cscrivens,z4AzlIuZaEjdtSqEymeO5Q,https://www.mapillary.com/app/?pKey=459593555266328,CC BY-SA 4.0,images/459593555266328.jpg
21,535967041109353,2018-11-05T19:55:15.669000+00:00,2018,34.051402613745,-118.44920571205,345.23110961914,False,1920,1080,lvl5,rg1ir1gaold84mpy5twe4v,https://www.mapillary.com/app/?pKey=535967041109353,CC BY-SA 4.0,images/535967041109353.jpg
22,503905840803543,2018-11-30T16:52:45.568000+00:00,2018,34.048916222419,-118.43923324276,71.273109436035,False,1920,1080,lvl5,n39toepjptqazcf1szyz5n,https://www.mapillary.com/app/?pKey=503905840803543,CC BY-SA 4.0,images/503905840803543.jpg
23,166646931920282,2015-01-25T18:25:31+00:00,2015,34.060828,-118.436236,246.0173,False,3264,2448,gyllen,ICDpkx_hONWF0tcJbATnRQ,https://www.mapillary.com/app/?pKey=166646931920282,CC BY-SA 4.0,images/166646931920282.jpg
24,4269476093090388,2018-11-30T16:53:44.155000+00:00,2018,34.049531377364,-118.43720371627,64.812278747559,False,1920,1080,lvl5,v8sd2y8zi4mcawgeg67401,https://www.mapillary.com/app/?pKey=4269476093090388,CC BY-SA 4.0,images/4269476093090388.jpg
25,487045769292427,2015-09-30T18:25:17.208000+00:00,2015,34.052652,-118.449874,177.6673,False,3264,2448,canadarunner,uzrjr6axha04rbmvyeudjw,https://www.mapillary.com/app/?pKey=487045769292427,CC BY-SA 4.0,images/487045769292427.jpg
26,164856222220696,2017-07-22T22:14:41.461000+00:00,2017,34.052216866192,-118.44948454672,23.082021713257,False,160,120,aqua01,9AcuGJEFfEcSaqvMcMgDIw,https://www.mapillary.com/app/?pKey=164856222220696,CC BY-SA 4.0,images/164856222220696.jpg
27,538323103967668,2018-11-30T16:45:01.139000+00:00,2018,34.045260346579,-118.45262364111,63.923595428467,False,1920,1080,lvl5,uqvkq884jeoo7imw8jglkj,https://www.mapillary.com/app/?pKey=538323103967668,CC BY-SA 4.0,images/538323103967668.jpg
28,909527819607981,2018-07-30T22:08:02.300000+00:00,2018,34.059264880106,-118.45457721215,318.1640625,False,1920,1080,lvl5,kkleru9jei9i0vmeth9jmc,https://www.mapillary.com/app/?pKey=909527819607981,CC BY-SA 4.0,images/909527819607981.jpg
29,514430159595581,2019-03-18T01:44:38.947000+00:00,2019,34.057231705897,-118.45318905458,325.86163330078,False,1920,1080,lvl5,z9qzqethcofpcdjumsk8q6,https://www.mapillary.com/app/?pKey=514430159595581,CC BY-SA 4.0,images/514430159595581.jpg
30,286650079786615,2018-11-30T16:45:48.198000+00:00,2018,34.045713531368,-118.45103189828,68.891830444336,False,1920,1080,lvl5,qyvzdpk426dtspddiyq39e,https://www.mapillary.com/app/?pKey=286650079786615,CC BY-SA 4.0,images/286650079786615.jpg
31,1323621371931900,2024-08-05T21:58:54.821000+00:00,2024,34.0476545,-118.4364811,137.0,False,4080,3060,jstreit,wpSTyGUzDuXljR0Ki17Lh8,https://www.mapillary.com/app/?pKey=1323621371931900,CC BY-SA 4.0,images/1323621371931900.jpg
32,499931044492904,2018-07-22T23:57:47.540000+00:00,2018,34.058025590686,-118.45376882723,328.7109375,False,1920,1080,lvl5,jx2e24fhr8ffnj4mm9l1nm,https://www.mapillary.com/app/?pKey=499931044492904,CC BY-SA 4.0,images/499931044492904.jpg
33,908471256552214,2019-03-30T17:07:46.967000+00:00,2019,34.048916266504,-118.44833442114,153.984375,False,1920,1080,lvl5,p9lzd7rjqkbuv7y9xjpzm1,https://www.mapillary.com/app/?pKey=908471256552214,CC BY-SA 4.0,images/908471256552214.jpg
34,900403777474705,2017-08-10T13:31:38+00:00,2017,34.052523055556,-118.44949805556,338.59534863787,False,3840,2160,mly_la,XHOBt1_KxEyWs2Gd7J5QMw,https://www.mapillary.com/app/?pKey=900403777474705,CC BY-SA 4.0,images/900403777474705.jpg
35,173568631339688,2018-07-30T22:06:24.044000+00:00,2018,34.057962283675,-118.45349214064,325.21102905273,False,1920,1080,lvl5,kkleru9jei9i0vmeth9jmc,https://www.mapillary.com/app/?pKey=173568631339688,CC BY-SA 4.0,images/173568631339688.jpg
36,171565624786945,2019-03-18T01:44:26.669000+00:00,2019,34.054806641215,-118.45110771802,325.546875,False,1920,1080,lvl5,z9qzqethcofpcdjumsk8q6,https://www.mapillary.com/app/?pKey=171565624786945,CC BY-SA 4.0,images/171565624786945.jpg
37,479874429966657,2018-07-16T00:30:35.274000+00:00,2018,34.05617774015,-118.452244516,323.1481628418,False,1920,1080,lvl5,eykejzckytvtcxf7k14ysv,https://www.mapillary.com/app/?pKey=479874429966657,CC BY-SA 4.0,images/479874429966657.jpg
38,290765219393701,2017-08-10T13:32:35+00:00,2017,34.05803,-118.45370805556,146.35428436613,False,3840,2160,mly_la,gPSD5sWyDhak6ux70H0FyA,https://www.mapillary.com/app/?pKey=290765219393701,CC BY-SA 4.0,images/290765219393701.jpg
39,684114372367939,2017-08-10T13:30:46+00:00,2017,34.045253055556,-118.44488805556,144.98897741505,False,3840,2160,mly_la,gPSD5sWyDhak6ux70H0FyA,https://www.mapillary.com/app/?pKey=684114372367939,CC BY-SA 4.0,images/684114372367939.jpg
40,841744016703136,2018-07-11T18:33:46.738000+00:00,2018,34.059336288552,-118.43513295538,343.14184570312,False,1920,1080,lvl5,wgbsyu5urba0qwmtqtn4vp,https://www.mapillary.com/app/?pKey=841744016703136,CC BY-SA 4.0,images/841744016703136.jpg
41,1666201384499217,2026-05-29T20:21:35.249000+00:00,2026,34.0588983,-118.4544033,351.0,False,4080,3060,newtonwong,AkzqnbvWiog2O9atjlehPQ,https://www.mapillary.com/app/?pKey=1666201384499217,CC BY-SA 4.0,images/1666201384499217.jpg
42,700153284070772,2018-07-13T22:41:44.537000+00:00,2018,34.045175636132,-118.45280371866,64.161949157715,False,1920,1080,lvl5,fugr600u9jzxswvppmzbtu,https://www.mapillary.com/app/?pKey=700153284070772,CC BY-SA 4.0,images/700153284070772.jpg
43,2935684033381392,2018-11-30T16:44:56.325000+00:00,2018,34.045080877816,-118.45305197008,62.511985778809,False,1920,1080,lvl5,ge1vupd2ld077bt7ku806y,https://www.mapillary.com/app/?pKey=2935684033381392,CC BY-SA 4.0,images/2935684033381392.jpg
44,229264261870598,2018-12-05T22:36:33.668000+00:00,2018,34.057896221973,-118.45451693235,154.03288269043,False,1920,1080,lvl5,sd0ahqjrs6qp4vtzoag6ys,https://www.mapillary.com/app/?pKey=229264261870598,CC BY-SA 4.0,images/229264261870598.jpg
45,334277054725091,2018-07-13T23:05:11.718000+00:00,2018,34.057813919902,-118.45355301592,327.3046875,False,1920,1080,lvl5,tuyaijn8jrejc3wrqfpvll,https://www.mapillary.com/app/?pKey=334277054725091,CC BY-SA 4.0,images/334277054725091.jpg
46,372245887546903,2018-01-24T21:35:29.655000+00:00,2018,34.054735033125,-118.45433556744,249.78353881836,False,1920,1080,lvl5,0vr1zn0tcgthcxlh2gv1t5,https://www.mapillary.com/app/?pKey=372245887546903,CC BY-SA 4.0,images/372245887546903.jpg
47,252836683289770,2018-11-30T16:45:08.134000+00:00,2018,34.045417516469,-118.45219178595,66.494087219238,False,1920,1080,lvl5,f2k5x4uh561fwwfv55fv8t,https://www.mapillary.com/app/?pKey=252836683289770,CC BY-SA 4.0,images/252836683289770.jpg
48,472811473974445,2016-08-30T21:26:13.891000+00:00,2016,34.054531,-118.454389,247.8482,False,4032,3024,cscrivens,66PBcAIBUbQnWvlOsJ_HqQ,https://www.mapillary.com/app/?pKey=472811473974445,CC BY-SA 4.0,images/472811473974445.jpg
49,470458477512318,2018-07-22T18:34:27.843000+00:00,2018,34.049453734761,-118.43824589286,250.96055603027,False,1920,1080,lvl5,8mrr9r5nirqusxgjjprpgt,https://www.mapillary.com/app/?pKey=470458477512318,CC BY-SA 4.0,images/470458477512318.jpg
50,324877512358851,2017-06-14T09:53:19+00:00,2017,34.049981388889,-118.43611,154.1551274943,False,1920,1080,mly_la,qolzyoh8yHNbiu1gNw0SkQ,https://www.mapillary.com/app/?pKey=324877512358851,CC BY-SA 4.0,images/324877512358851.jpg
51,947019556132112,2016-08-02T16:29:13.371000+00:00,2016,34.047825,-118.44431,266.6135,False,3264,2448,mapkin,kl1929vl76tg8etftt2sy6,https://www.mapillary.com/app/?pKey=947019556132112,CC BY-SA 4.0,images/947019556132112.jpg
52,841217473138678,2018-09-04T00:51:11.972000+00:00,2018,34.04591267191,-118.44565649991,323.7890625,False,1920,1080,lvl5,8uqsfb7fv26zguv68w64i1,https://www.mapillary.com/app/?pKey=841217473138678,CC BY-SA 4.0,images/841217473138678.jpg
53,1507391470248644,2026-05-29T20:56:38.151000+00:00,2026,34.0569033,-118.4532783,155.0,False,4080,3060,newtonwong,MbaKiTJSYZnPdHFNC0AclR,https://www.mapillary.com/app/?pKey=1507391470248644,CC BY-SA 4.0,images/1507391470248644.jpg
54,869837403613721,2016-08-30T20:56:24.867000+00:00,2016,34.057777,-118.447823,222.5085,False,4032,3024,cscrivens,EFZDI18kToiNlKAU_Yn-Uw,https://www.mapillary.com/app/?pKey=869837403613721,CC BY-SA 4.0,images/869837403613721.jpg
55,320864216279072,2017-06-14T09:54:05+00:00,2017,34.048411388889,-118.43574138889,53.692820106042,False,1920,1080,mly_la,qolzyoh8yHNbiu1gNw0SkQ,https://www.mapillary.com/app/?pKey=320864216279072,CC BY-SA 4.0,images/320864216279072.jpg
56,754868412059373,2018-07-13T23:06:03.414000+00:00,2018,34.059488320435,-118.45485420042,328.0078125,False,1920,1080,lvl5,tuyaijn8jrejc3wrqfpvll,https://www.mapillary.com/app/?pKey=754868412059373,CC BY-SA 4.0,images/754868412059373.jpg
57,530699684589329,2018-11-30T16:53:49.221000+00:00,2018,34.049686536253,-118.43676676931,68.060821533203,False,1920,1080,lvl5,v8sd2y8zi4mcawgeg67401,https://www.mapillary.com/app/?pKey=530699684589329,CC BY-SA 4.0,images/530699684589329.jpg
58,853719158689229,2017-08-10T13:31:51+00:00,2017,34.054413055556,-118.45068138889,325.51923755538,False,3840,2160,mly_la,XHOBt1_KxEyWs2Gd7J5QMw,https://www.mapillary.com/app/?pKey=853719158689229,CC BY-SA 4.0,images/853719158689229.jpg
59,908352631892708,2026-02-24T12:12:45.205000+00:00,2026,34.050373773333,-118.44911240667,170.08972163091,False,3840,2160,aHS,j8OW5zouQ3ZriS1kYaqseJ,https://www.mapillary.com/app/?pKey=908352631892708,CC BY-SA 4.0,images/908352631892708.jpg
60,1850017845171652,2018-11-30T16:52:56.708000+00:00,2018,34.049220106436,-118.43810217993,73.663414001465,False,1920,1080,lvl5,qijbmomai616uawlrvh8nf,https://www.mapillary.com/app/?pKey=1850017845171652,CC BY-SA 4.0,images/1850017845171652.jpg
61,1285731043469066,2026-02-24T11:30:16.444000+00:00,2026,34.04952391,-118.44854006,341.74781436238,False,3840,2160,aHS,5ly30VmQb2Ia1pRjJvdkEH,https://www.mapillary.com/app/?pKey=1285731043469066,CC BY-SA 4.0,images/1285731043469066.jpg
62,291005126000199,2019-03-18T01:43:44.498000+00:00,2019,34.045632382718,-118.44531675698,322.734375,False,1920,1080,lvl5,2hvzzoqmfdxnn0mdb4780u,https://www.mapillary.com/app/?pKey=291005126000199,CC BY-SA 4.0,images/291005126000199.jpg
63,1020080858398129,2017-11-21T16:08:54.159000+00:00,2017,34.045987296881,-118.44635051686,140.26824951172,False,4032,3024,astheduke,HushAbz-QUQrWQRdhdObZg,https://www.mapillary.com/app/?pKey=1020080858398129,CC BY-SA 4.0,images/1020080858398129.jpg
64,1382287353650403,2026-02-24T12:11:29.596000+00:00,2026,34.04504721,-118.44516115333,140.41253101529,False,3840,2160,aHS,Cjc4wgNmHfeJAytI1doG9u,https://www.mapillary.com/app/?pKey=1382287353650403,CC BY-SA 4.0,images/1382287353650403.jpg
65,2635159393312874,2024-07-30T20:07:04.152000+00:00,2024,34.05753389665,-118.45347184909,326.54750889428,False,4032,3024,KingKratos,XaOqfvt4r8u6CsDALWwTMn,https://www.mapillary.com/app/?pKey=2635159393312874,CC BY-SA 4.0,images/2635159393312874.jpg
66,1145371429207291,2018-02-26T19:03:09.267000+00:00,2018,34.0624948,-118.44697014541,90.0,False,5312,2988,whereismystreet,HgV2K89RDKSDh2DKSPi38w,https://www.mapillary.com/app/?pKey=1145371429207291,CC BY-SA 4.0,images/1145371429207291.jpg
67,146525004123647,2019-01-01T00:30:54.787000+00:00,2019,34.045832031861,-118.4455687223,323.54174804688,False,1920,1080,lvl5,0e60b7cw2kx125ejqfwp0w,https://www.mapillary.com/app/?pKey=146525004123647,CC BY-SA 4.0,images/146525004123647.jpg
68,2918890881568980,2018-11-30T16:53:09.750000+00:00,2018,34.049465668827,-118.43745279751,67.5,False,1920,1080,lvl5,d4imcmbg2m6cf7pxbtxdvb,https://www.mapillary.com/app/?pKey=2918890881568980,CC BY-SA 4.0,images/2918890881568980.jpg
69,514864570924708,2024-07-30T20:07:10.048000+00:00,2024,34.058770129964,-118.4544324426,326.89278363755,False,4032,3024,KingKratos,XaOqfvt4r8u6CsDALWwTMn,https://www.mapillary.com/app/?pKey=514864570924708,CC BY-SA 4.0,images/514864570924708.jpg
70,201012901660553,2016-11-04T22:15:33.872000+00:00,2016,34.0519331,-118.44428294,245.51997069154,False,1280,720,voschix,a5857t7hcyz5zoozcjx96u,https://www.mapillary.com/app/?pKey=201012901660553,CC BY-SA 4.0,images/201012901660553.jpg
71,537404530616726,2018-11-30T16:45:01.139000+00:00,2018,34.045260346579,-118.45262364111,63.923595428467,False,1920,1080,lvl5,onfg3cwi6tv1ys73ozvnuf,https://www.mapillary.com/app/?pKey=537404530616726,CC BY-SA 4.0,images/537404530616726.jpg
72,1423650324635663,2016-08-30T21:27:39.873000+00:00,2016,34.054976,-118.454556,77.3306,False,4032,3024,cscrivens,z4AzlIuZaEjdtSqEymeO5Q,https://www.mapillary.com/app/?pKey=1423650324635663,CC BY-SA 4.0,images/1423650324635663.jpg
73,788420702108677,2017-06-14T09:53:41+00:00,2017,34.049898055556,-118.43641,251.46589961907,False,1920,1080,mly_la,oBMlVT-MF_sOgUnKYVWsNw,https://www.mapillary.com/app/?pKey=788420702108677,CC BY-SA 4.0,images/788420702108677.jpg
74,1445649342455942,2018-07-30T19:26:13.821000+00:00,2018,34.061965478543,-118.44538563359,295.01486206055,False,1920,1080,lvl5,owhabh65g5igquheaebgx0,https://www.mapillary.com/app/?pKey=1445649342455942,CC BY-SA 4.0,images/1445649342455942.jpg
75,852274792031202,2018-11-30T16:45:03.233000+00:00,2018,34.045317374194,-118.45248554978,64.23168182373,False,1920,1080,lvl5,qyvzdpk426dtspddiyq39e,https://www.mapillary.com/app/?pKey=852274792031202,CC BY-SA 4.0,images/852274792031202.jpg
76,967835347371081,2018-11-30T16:46:20.847000+00:00,2018,34.046088011802,-118.44959903676,70.779266357422,False,1920,1080,lvl5,phqlmbc1a6e8xesgfgvvzu,https://www.mapillary.com/app/?pKey=967835347371081,CC BY-SA 4.0,images/967835347371081.jpg
77,202184491722275,2018-11-30T16:45:02.229000+00:00,2018,34.045289261738,-118.45254436871,63.923595428467,False,1920,1080,lvl5,ge1vupd2ld077bt7ku806y,https://www.mapillary.com/app/?pKey=202184491722275,CC BY-SA 4.0,images/202184491722275.jpg
78,312037163642945,2018-02-26T19:04:05.757000+00:00,2018,34.0624680675,-118.44692213825,122.30902099609,False,5312,2988,whereismystreet,PomwOgJUGZuH7CSKmCbPVA,https://www.mapillary.com/app/?pKey=312037163642945,CC BY-SA 4.0,images/312037163642945.jpg
79,1430955752039464,2026-02-24T12:10:12.483000+00:00,2026,34.05734752,-118.453776,180.0,False,3840,2160,aHS,ryh7VQv2lWBJkNHcE1Yju6,https://www.mapillary.com/app/?pKey=1430955752039464,CC BY-SA 4.0,images/1430955752039464.jpg
80,831707360767199,2015-10-03T16:13:05.346000+00:00,2015,34.061899,-118.451193,3.503174,False,3264,2448,ahealthydesign,krVL7Z7-yeQnEHE3DeCbuw,https://www.mapillary.com/app/?pKey=831707360767199,CC BY-SA 4.0,images/831707360767199.jpg
81,1663054777418222,2018-07-30T19:20:13.532000+00:00,2018,34.045156983333,-118.44486059361,324.4921875,False,1920,1080,lvl5,s4ev2r4pvn33nzr2yapmb3,https://www.mapillary.com/app/?pKey=1663054777418222,CC BY-SA 4.0,images/1663054777418222.jpg
82,760778811259637,2019-06-22T20:43:12+00:00,2019,34.05468,-118.45497233333,251.13999938965,False,3072,1728,mds08011,jvanrxyqdiqbjejl7r4q4c,https://www.mapillary.com/app/?pKey=760778811259637,CC BY-SA 4.0,images/760778811259637.jpg
83,173001094630999,2018-07-30T19:20:53.569000+00:00,2018,34.052378405488,-118.44936592054,341.26971435547,False,1920,1080,lvl5,ind07pasq23ykmquo2xfo3,https://www.mapillary.com/app/?pKey=173001094630999,CC BY-SA 4.0,images/173001094630999.jpg
84,176784904353923,2018-11-30T16:52:44.370000+00:00,2018,34.048880325158,-118.43934259095,72.292457580566,False,1920,1080,lvl5,uskzyz2uf6rzkpayjg5y4e,https://www.mapillary.com/app/?pKey=176784904353923,CC BY-SA 4.0,images/176784904353923.jpg
85,1441365856211807,2016-08-02T16:27:57.379000+00:00,2016,34.049263,-118.438935,248.3221,False,3264,2448,mapkin,kl1929vl76tg8etftt2sy6,https://www.mapillary.com/app/?pKey=1441365856211807,CC BY-SA 4.0,images/1441365856211807.jpg
86,341139454036691,2018-11-30T16:52:44.774000+00:00,2018,34.048893315568,-118.4393103097,72.150382995605,False,1920,1080,lvl5,riavrogvxztw2zy182sn9k,https://www.mapillary.com/app/?pKey=341139454036691,CC BY-SA 4.0,images/341139454036691.jpg
87,1065210297843705,2023-12-12T20:23:14.675000+00:00,2023,34.062600893541,-118.44490037525,15.934696471505,False,4032,3024,filipb,NlfdLXGVBcY3QjkFbwD8vp,https://www.mapillary.com/app/?pKey=1065210297843705,CC BY-SA 4.0,images/1065210297843705.jpg
88,2044110239499269,2026-02-24T12:10:25.998000+00:00,2026,34.05443278,-118.45114584,128.87956935889,False,3840,2160,aHS,bTecfEJNQs39gFILrXDHiK,https://www.mapillary.com/app/?pKey=2044110239499269,CC BY-SA 4.0,images/2044110239499269.jpg
89,985372355536365,2018-11-30T16:53:43.619000+00:00,2018,34.049517878786,-118.43723434206,64.441032409668,False,1920,1080,lvl5,uskzyz2uf6rzkpayjg5y4e,https://www.mapillary.com/app/?pKey=985372355536365,CC BY-SA 4.0,images/985372355536365.jpg
90,396772478071175,2019-04-15T00:00:12.884000+00:00,2019,34.052039348054,-118.44936730161,342.19189453125,False,1920,1080,lvl5,7yrkw9dh7u5m5heaxk9lk1,https://www.mapillary.com/app/?pKey=396772478071175,CC BY-SA 4.0,images/396772478071175.jpg
91,2230956613702624,2017-06-14T09:53:58+00:00,2017,34.048948055556,-118.43623638889,234.53716433256,False,1920,1080,mly_la,o0a5VrO0Xabe6uyWFt_gIg,https://www.mapillary.com/app/?pKey=2230956613702624,CC BY-SA 4.0,images/2230956613702624.jpg
92,575418146712243,2016-08-30T21:07:36.558000+00:00,2016,34.059173,-118.454216,225.1855,False,4032,3024,cscrivens,XnXDWLtuAVeEkmeYuOftng,https://www.mapillary.com/app/?pKey=575418146712243,CC BY-SA 4.0,images/575418146712243.jpg
93,307328474308218,2019-01-01T00:30:54.622000+00:00,2019,34.045796897032,-118.44553986155,323.64776611328,False,1920,1080,lvl5,0e60b7cw2kx125ejqfwp0w,https://www.mapillary.com/app/?pKey=307328474308218,CC BY-SA 4.0,images/307328474308218.jpg
94,887620268751343,2017-07-17T23:54:25.796000+00:00,2017,34.047682504545,-118.44700255701,34.321216583252,False,3264,2448,aqua01,ZbvbFxeUI1eEljgoQPpodQ,https://www.mapillary.com/app/?pKey=887620268751343,CC BY-SA 4.0,images/887620268751343.jpg
95,1146404712503699,2019-12-22T22:08:40.240000+00:00,2019,34.057025,-118.454044,154.80322265625,False,4032,3024,ericaschecter,ego0png48b2jd7j2z5sqgl,https://www.mapillary.com/app/?pKey=1146404712503699,CC BY-SA 4.0,images/1146404712503699.jpg
96,185953243398239,2018-07-30T19:20:14.332000+00:00,2018,34.045278715422,-118.44495899909,324.4921875,False,1920,1080,lvl5,s4ev2r4pvn33nzr2yapmb3,https://www.mapillary.com/app/?pKey=185953243398239,CC BY-SA 4.0,images/185953243398239.jpg
97,304818287791740,2019-01-01T00:31:28.021000+00:00,2019,34.054140587045,-118.45063633306,327.49111938477,False,1920,1080,lvl5,91zh0attnd7kftqp5wmyul,https://www.mapillary.com/app/?pKey=304818287791740,CC BY-SA 4.0,images/304818287791740.jpg
98,765088800852296,2017-11-02T20:23:09.700000+00:00,2017,34.06413177714,-118.44112550704,57.334518432617,False,1920,1080,lvl5,jat5t5g7lennhlroe1cdlv,https://www.mapillary.com/app/?pKey=765088800852296,CC BY-SA 4.0,images/765088800852296.jpg
99,905547420012178,2019-01-01T00:31:44.428000+00:00,2019,34.057873619208,-118.45372943353,326.63708496094,False,1920,1080,lvl5,91zh0attnd7kftqp5wmyul,https://www.mapillary.com/app/?pKey=905547420012178,CC BY-SA 4.0,images/905547420012178.jpg
